Date, LogReturn
2007-01-04,0.0012275324972152997
2007-01-05,-0.006103167832470129
2007-01-08,0.0022178570774974288
2007-01-09,-0.0005168094993646467
2007-01-10,0.001938471807337008
2007-01-11,0.006319861629223327
2007-01-12,0.004841427093058067
2007-01-16,0.0008174608723255756
2007-01-17,-0.0008943374184001605
2007-01-18,-0.002975161375757787
2007-01-19,0.002891281554245473
2007-01-22,-0.005291886366783456
2007-01-23,0.0035357071117870357
2007-01-24,0.00846553642839807
2007-01-25,-0.01133378773070705
2007-01-26,-0.0012086595354295969
2007-01-29,-0.0010975508115664014
2007-01-30,0.005755498607645567
2007-01-31,0.006571245841597129
2007-02-01,0.005339451523831852
2007-02-02,0.0016930162521957197
2007-02-05,-0.0009670748024880951
2007-02-06,0.0006977639370160676
2007-02-07,0.0013940689469243953
2007-02-08,-0.0011799630061502266
2007-02-09,-0.007102376113371196
2007-02-12,-0.0032667120978962082
2007-02-13,0.0075687747329175785
2007-02-14,0.0076150120631249705
2007-02-15,0.001037055499453231
2007-02-16,-0.0008721613605295131
2007-02-20,0.002840277783407165
2007-02-21,-0.0014054379715543585
2007-02-22,-0.0008579243533695572
2007-02-23,-0.0035700389567874836
2007-02-26,-0.0012548932397342684
2007-02-27,-0.035342660843100726
2007-02-28,0.005545484952734019
2007-03-01,-0.0025978059773005212
2007-03-02,-0.011468261829749615
2007-03-05,-0.009452209514841423
2007-03-06,0.015374780717887004
2007-03-07,-0.002468314486799026
2007-03-08,0.0071013477307829646
2007-03-09,0.0006773922729208479
2007-03-12,0.0026766986224967043
2007-03-13,-0.02057857550740609
2007-03-14,0.0066688801649587605
2007-03-15,0.0036769799595125943
2007-03-16,-0.003835655701215665
2007-03-19,0.01083556904272735
2007-03-20,0.0063134819115044745
2007-03-21,0.016936643202980273
2007-03-22,-0.00034848304730820604
2007-03-23,0.0010937916027600407
2007-03-26,0.000967434525865559
2007-03-27,-0.006203560368758968
2007-03-28,-0.007997684815493823
2007-03-29,0.0037327485166896573
2007-03-30,-0.0011746852375143864
2007-04-02,0.002593696866817386
2007-04-03,0.009237307072510437
2007-04-04,0.0011121987409165861
2007-04-05,0.00304531397039247
2007-04-09,0.0005885503670995764
2007-04-10,0.0026132260269691302
2007-04-11,-0.006594524912466886
2007-04-12,0.0061871166861128075
2007-04-13,0.0034819311653259176
2007-04-16,0.010598542873156813
2007-04-17,0.0021430131114731073
2007-04-18,0.0006929527910064429
2007-04-19,-0.0012027736577713097
2007-04-20,0.009218086660297053
2007-04-23,-0.002306644470370378
2007-04-24,-0.0003512055496236482
2007-04-25,0.010088033702708324
2007-04-26,-0.0007827245066179984
2007-04-27,-0.00012050497563288578
2007-04-30,-0.007861748709062836
2007-05-01,0.0026476879873137942
2007-05-02,0.006451588538502732
2007-05-03,0.0043157516194131645
2007-05-04,0.0021475870756333293
2007-05-07,0.002560437459192035
2007-05-08,-0.0011666511956337745
2007-05-09,0.0032182165109129485
2007-05-10,-0.014054581884656235
2007-05-11,0.009595315462487675
2007-05-14,-0.001794584178452379
2007-05-15,-0.001304834544834399
2007-05-16,0.008589542804573146
2007-05-17,-0.0009184441716888588
2007-05-18,0.006588724214163112
2007-05-21,0.001542054937372437
2007-05-22,-0.0006427745534309215
2007-05-23,-0.0012079608910859567
2007-05-24,-0.00974994065295623
2007-05-25,0.005437868634530783
2007-05-29,0.0015689722581672776
2007-05-30,0.0079519076731304
2007-05-31,0.00025484074924219383
2007-06-01,0.0037300632600247886
2007-06-04,0.0018468998282521766
2007-06-05,-0.005361416122665549
2007-06-06,-0.00890325924236722
2007-06-07,-0.017725961545529238
2007-06-08,0.011306236827796717
2007-06-11,0.0009612543562845576
2007-06-12,-0.010739177694170063
2007-06-13,0.01507009586153037
2007-06-14,0.004804742099217193
2007-06-15,0.00650555553085301
2007-06-18,-0.0012141056212539509
2007-06-19,0.0017292784103802355
2007-06-20,-0.013694428381801144
2007-06-21,0.006161392441565994
2007-06-22,-0.012979689827432707
2007-06-25,-0.0032130603124341612
2007-06-26,-0.0032434502628662445
2007-06-27,0.008968996323785084
2007-06-28,-0.00041832300746611764
2007-06-29,-0.0015685867913800638
2007-07-02,0.01063936485774943
2007-07-03,0.0035738574444796065
2007-07-05,0.00034752943104425217
2007-07-06,0.0032985507214163294
2007-07-09,0.0009209018855550246
2007-07-10,-0.0142870247254699
2007-07-11,0.00570510424265772
2007-07-12,0.018875707510562435
2007-07-13,0.003096608437751028
2007-07-16,-0.0019213166689402512
2007-07-17,-9.682461363302838e-05
2007-07-18,-0.00206745981076958
2007-07-19,0.004459094012305411
2007-07-20,-0.012296153790126368
2007-07-23,0.004857468831634159
2007-07-24,-0.020003161459610796
2007-07-25,0.004654761912206715
2007-07-26,-0.023615148318427953
2007-07-27,-0.016120829482687424
2007-07-30,0.010201791310726158
2007-07-31,-0.012727292908787834
2007-08-01,0.0072165668337128945
2007-08-02,0.00434981680259466
2007-08-03,-0.02694578841666203
2007-08-06,0.02386408016486739
2007-08-07,0.006140474654544519
2007-08-08,0.013973752789070894
2007-08-09,-0.030098066707580952
2007-08-10,0.00037846572498061995
2007-08-13,-0.0004954108659971804
2007-08-14,-0.018323395498988107
2007-08-15,-0.014005458249531031
2007-08-16,0.0032435209838830546
2007-08-17,0.024269566522519798
2007-08-20,-0.00026968281529931475
2007-08-21,0.0010854652755820737
2007-08-22,0.011644820880578098
2007-08-23,-0.001072891793787412
2007-08-24,0.011469018050261516
2007-08-27,-0.008539951913098606
2007-08-28,-0.023752942896165807
2007-08-29,0.02168505098090459
2007-08-30,-0.004189774778312817
2007-08-31,0.01115430329085347
2007-09-04,0.01041380907704796
2007-09-05,-0.01156777363141079
2007-09-06,0.004242872517797467
2007-09-07,-0.017053037079487448
2007-09-10,-0.0012736238921536895
2007-09-11,0.013540236395020916
2007-09-12,4.761615210455319e-05
2007-09-13,0.00838431615381002
2007-09-14,0.00020217561760197238
2007-09-17,-0.0051335689917121445
2007-09-18,0.028789581640806357
2007-09-19,0.006067959764234633
2007-09-20,-0.006745938475255174
2007-09-21,0.004598464335745744
2007-09-24,-0.005270307770366357
2007-09-25,-0.0003426885186387916
2007-09-26,0.005396714632315107
2007-09-27,0.0038994820691835783
2007-09-28,-0.003027999733853695
2007-10-01,0.013202159881824788
2007-10-02,-0.0002650794533767373
2007-10-03,-0.004562248537264931
2007-10-04,0.0021087267359828203
2007-10-05,0.009514881229474793
2007-10-08,-0.00322169799390635
2007-10-09,0.008063646659190855
2007-10-10,-0.0017137979492955384
2007-10-11,-0.005171809293999426
2007-10-12,0.004742959110705808
2007-10-15,-0.008416732385427676
2007-10-16,-0.006594866980535926
2007-10-17,0.001759846754610529
2007-10-18,-0.0007529463052930716
2007-10-19,-0.02594931140710293
2007-10-22,0.0037911765191724826
2007-10-23,0.008764339431983929
2007-10-24,-0.002444407502362128
2007-10-25,-0.0009767946012353228
2007-10-26,0.01369345687603249
2007-10-29,0.0037057710835717533
2007-10-30,-0.006484372289334848
2007-10-31,0.011920661356754998
2007-11-01,-0.026778888689808898
2007-11-02,0.0008018866808870676
2007-11-05,-0.004967093437071673
2007-11-06,0.011977204894451742
2007-11-07,-0.029809726361574727
2007-11-08,-0.000576178474867469
2007-11-09,-0.014390061812011598
2007-11-12,-0.010038452592368512
2007-11-13,0.02867778438776126
2007-11-14,-0.007094477743350598
2007-11-15,-0.013300488548972065
2007-11-16,0.005216680351984779
2007-11-19,-0.017614482080618145
2007-11-20,0.004476163998967163
2007-11-21,-0.01605507806431886
2007-11-23,0.016749426122977584
2007-11-26,-0.023512966551297514
2007-11-27,0.014819795556490158
2007-11-28,0.028159623399831912
2007-11-29,0.0004763614252619821
2007-11-30,0.00774018490674295
2007-12-03,-0.005904735888843634
2007-12-04,-0.006561737772241493
2007-12-05,0.015075915045568595
2007-12-06,0.014924972509290384
2007-12-07,-0.0017795035510103797
2007-12-10,0.007481894107170777
2007-12-11,-0.025595871370425172
2007-12-12,0.006031879025493236
2007-12-13,0.0012235755203020807
2007-12-14,-0.013841622651711093
2007-12-17,-0.015134854466995853
2007-12-18,0.006260159463819628
2007-12-19,-0.0013617568126454338
2007-12-20,0.004888236191244567
2007-12-21,0.01653242266561838
2007-12-24,0.008044560385114575
2007-12-26,0.0008083090331470757
2007-12-27,-0.014385263354659774
2007-12-28,0.0015026405620078627
2007-12-31,-0.00687516831107418
2008-01-02,-0.014543083003997034
2008-01-03,0.0
2008-01-04,-0.02485797022395527
2008-01-07,0.003218075231744636
2008-01-08,-0.018522757462586335
2008-01-09,0.013532109841889144
2008-01-10,0.007916711897125965
2008-01-11,-0.013688651328566238
2008-01-14,0.010811976648879808
2008-01-15,-0.025240900594804327
2008-01-16,-0.005627885721787485
2008-01-17,-0.02952417654491263
2008-01-18,-0.006063769329588801
2008-01-22,-0.011147057387661741
2008-01-23,0.02121552966457579
2008-01-24,0.010012438257546078
2008-01-25,-0.01599923900826646
2008-01-28,0.017396130410481235
2008-01-29,0.006140880526633927
2008-01-30,-0.004775378708849709
2008-01-31,0.016633152629790867
2008-02-01,0.012163219167380696
2008-02-04,-0.01051799001944954
2008-02-05,-0.03251847341534413
2008-02-06,-0.007652849389237926
2008-02-07,0.007854842639587953
2008-02-08,-0.0042125802217774285
2008-02-11,0.005871726706863654
2008-02-12,0.007239627380711977
2008-02-13,0.01351235803840717
2008-02-14,-0.013512358038407142
2008-02-15,0.0008373973796748068
2008-02-19,-0.0008966759003646298
2008-02-20,0.00830627798826117
2008-02-21,-0.01295086452748304
2008-02-22,0.007849720529112649
2008-02-25,0.013718145806112506
2008-02-26,0.006894091743071527
2008-02-27,-0.0009198674497638418
2008-02-28,-0.008982092990434256
2008-02-29,-0.027463395019370087
2008-03-03,0.0005334101903081006
2008-03-04,-0.0034535854252285467
2008-03-05,0.005224655309318044
2008-03-06,-0.02225985852476442
2008-03-07,-0.008445928205016419
2008-03-10,-0.015584285792662654
2008-03-11,0.03645713261332977
2008-03-12,-0.009036278359461814
2008-03-13,0.005113823424050402
2008-03-14,-0.021002274391494557
2008-03-17,-0.008999054083631237
2008-03-18,0.0415348964290097
2008-03-19,-0.024586996626083605
2008-03-20,0.023662286124141837
2008-03-24,0.01520524258521512
2008-03-25,0.002301247732709045
2008-03-26,-0.008804405138629654
2008-03-27,-0.011526658548939027
2008-03-28,-0.00798195753141577
2008-03-31,0.00567113539282709
2008-04-01,0.035267092136393355
2008-04-02,-0.0019359429314110361
2008-04-03,0.001300791782277431
2008-04-04,0.0007956797214259201
2008-04-07,0.0015603804918229909
2008-04-08,-0.005113082927238636
2008-04-09,-0.008124990899776953
2008-04-10,0.004464073140925598
2008-04-11,-0.02058459743950069
2008-04-14,-0.00338952276199069
2008-04-15,0.0045893291868171725
2008-04-16,0.02243764859546432
2008-04-17,0.0006227205936699851
2008-04-18,0.017976453606154175
2008-04-21,-0.0015547328014771577
2008-04-22,-0.008849273303171198
2008-04-23,0.0028957208430831897
2008-04-24,0.006421614900284473
2008-04-25,0.006473736528735971
2008-04-28,-0.0010521548912095745
2008-04-29,-0.0038962732556066196
2008-04-30,-0.0038537184080868875
2008-05-01,0.016995468403442283
2008-05-02,0.003230375437438833
2008-05-05,-0.004543891610429601
2008-05-06,0.007622805755977705
2008-05-07,-0.01827985274237049
2008-05-08,0.003662835326675613
2008-05-09,-0.006748165663026327
2008-05-12,0.01096049229248502
2008-05-13,-0.0003847453519088049
2008-05-14,0.00399758328062347
2008-05-15,0.010528841196037529
2008-05-16,0.0012496171021445246
2008-05-19,0.0008976426143178004
2008-05-20,-0.009316856535458926
2008-05-21,-0.016183786536071224
2008-05-22,0.002613959343079893
2008-05-23,-0.013298434194715
2008-05-27,0.006822892512121779
2008-05-28,0.003955058916479667
2008-05-29,0.005320756886204072
2008-05-30,0.0015150183743460114
2008-06-02,-0.010559822954777745
2008-06-03,-0.005804642134554054
2008-06-04,-0.00032674973242131163
2008-06-05,0.019308535254153512
2008-06-06,-0.03137633801853779
2008-06-09,0.0007933736546294128
2008-06-10,-0.0024410485020095888
2008-06-11,-0.017038681020649288
2008-06-12,0.003274332291770189
2008-06-13,0.014934189182590988
2008-06-16,8.086652661084205e-05
2008-06-17,-0.006794362473468583
2008-06-18,-0.009759291491304709
2008-06-19,0.00374530209313213
2008-06-20,-0.018716929874510457
2008-06-23,5.3071430313939166e-05
2008-06-24,-0.0028188104950155795
2008-06-25,0.005826400535617632
2008-06-26,-0.029805014810582432
2008-06-27,-0.003724356139002652
2008-06-30,0.0012664227601932253
2008-07-01,0.0038286256531538474
2008-07-02,-0.0183713449871704
2008-07-03,0.0010933244042243555
2008-07-07,-0.008420790350197398
2008-07-08,0.016936119626383927
2008-07-09,-0.023039556424807296
2008-07-10,0.006965436311526433
2008-07-11,-0.011151895352082091
2008-07-14,-0.00906885749704109
2008-07-15,-0.010961111207184446
2008-07-16,0.02475460487471305
2008-07-17,0.011940981372926736
2008-07-18,0.0002856861755844398
2008-07-21,-0.0005395795681692814
2008-07-22,0.013401856087015563
2008-07-23,0.004055930696717993
2008-07-24,-0.02339598696581199
2008-07-25,0.004158848046300204
2008-07-28,-0.01877165431708631
2008-07-29,0.023087430794461804
2008-07-30,0.016534539279929733
2008-07-31,-0.013230903287162038
2008-08-01,-0.005594012357643428
2008-08-04,-0.009006523604902408
2008-08-05,0.028314087237507637
2008-08-06,0.003348736157926132
2008-08-07,-0.018096496701488593
2008-08-08,0.02361186756964235
2008-08-11,0.006918740696878146
2008-08-12,-0.012123868402247892
2008-08-13,-0.0029199218388871536
2008-08-14,0.005506612147370432
2008-08-15,0.004067649803148502
2008-08-18,-0.015212941748937444
2008-08-19,-0.00935855756629458
2008-08-20,0.006178207156833316
2008-08-21,0.0024918568436600886
2008-08-22,0.011268937664792816
2008-08-25,-0.019820570527915714
2008-08-26,0.0036795944289534067
2008-08-27,0.007950961127648376
2008-08-28,0.014731106544230111
2008-08-29,-0.013818705278780862
2008-09-02,-0.004100911602328969
2008-09-03,-0.0020371521529357994
2008-09-04,-0.03037885772284698
2008-09-05,0.004420977784567912
2008-09-08,0.02030266101316487
2008-09-09,-0.03473448601838737
2008-09-10,0.006130591871801976
2008-09-11,0.013711937637728922
2008-09-12,0.0021192868823826515
2008-09-15,-0.048282984679058116
2008-09-16,0.017371525271791654
2008-09-17,-0.048288032671884897
2008-09-18,0.04242880631709865
2008-09-19,0.039467377977745945
2008-09-22,-0.03898680450101769
2008-09-23,-0.01575611173219346
2008-09-24,-0.0019796860163376574
2008-09-25,0.019465810036084243
2008-09-26,0.003376721569391682
2008-09-29,-0.09218959234553593
2008-09-30,0.052758158003824995
2008-10-01,-0.004554344139591543
2008-10-02,-0.04112494871855385
2008-10-03,-0.013598565792345264
2008-10-06,-0.03927926970654148
2008-10-07,-0.05910779118196403
2008-10-08,-0.011397406925517297
2008-10-09,-0.07922406331313588
2008-10-10,-0.011828976472150513
2008-10-13,0.10957196759533848
2008-10-14,-0.005336349813536854
2008-10-15,-0.09469512488423501
2008-10-16,0.041628822290941045
2008-10-17,-0.006232205932727285
2008-10-20,0.046582877325231545
2008-10-21,-0.03128399253606999
2008-10-22,-0.06295307968785188
2008-10-23,0.012554897845818378
2008-10-24,-0.03512077795125528
2008-10-27,-0.032279789320129516
2008-10-28,0.10245735847393653
2008-10-29,-0.011140907177516441
2008-10-30,0.025476650236373046
2008-10-31,0.015248545898600415
2008-11-03,-0.002532248295049081
2008-11-04,0.040014478457390035
2008-11-05,-0.05411525893116383
2008-11-06,-0.05157120827951978
2008-11-07,0.028446181972100103
2008-11-10,-0.01273389618685711
2008-11-11,-0.02228720025294257
2008-11-12,-0.05328886594572081
2008-11-13,0.06692259078968742
2008-11-14,-0.04259349062086726
2008-11-17,-0.026149349993598612
2008-11-18,0.00979029048544131
2008-11-19,-0.06310549598420712
2008-11-20,-0.06948184541277702
2008-11-21,0.06132800111506746
2008-11-24,0.06271423081455647
2008-11-25,0.0065294136139663166
2008-11-26,0.03471840142238202
2008-11-28,0.009596913918806831
2008-12-01,-0.09353652163820918
2008-12-02,0.03916366397642246
2008-12-03,0.02550804791981371
2008-12-04,-0.02974649977384212
2008-12-05,0.035849090941538375
2008-12-08,0.03766888346678524
2008-12-09,-0.023388944476325925
2008-12-10,0.011824007505509534
2008-12-11,-0.028938762495764388
2008-12-12,0.007003831230512167
2008-12-15,-0.012766830411484197
2008-12-16,0.05008481578859222
2008-12-17,-0.009639170015611964
2008-12-18,-0.021389823129044905
2008-12-19,0.0029325919817233524
2008-12-22,-0.018471576686337164
2008-12-23,-0.009764984984231137
2008-12-24,0.005764496357789291
2008-12-26,0.005341881620716298
2008-12-29,-0.0038801175284807
2008-12-30,0.024114018863220666
2008-12-31,0.014059048160206564
2009-01-02,0.031118816254462313
2009-01-05,-0.004679288447595494
2009-01-06,0.007786737413759767
2009-01-07,-0.03046912022057231
2009-01-08,0.0033913156919744315
2009-01-09,-0.021533214293202936
2009-01-12,-0.02282258762866887
2009-01-13,0.0017565152157664873
2009-01-14,-0.0340324644901829
2009-01-15,0.0013282991669522379
2009-01-16,0.007533131556373145
2009-01-20,-0.054262014623913155
2009-01-21,0.04257205806919397
2009-01-22,-0.015278446440878557
2009-01-23,0.005363250283092426
2009-01-26,0.005537850154850269
2009-01-27,0.010866329534482322
2009-01-28,0.03300683868264074
2009-01-29,-0.03368106446667382
2009-01-30,-0.023052821010677113
2009-02-02,-0.0005329099748901644
2009-02-03,0.015709938442946172
2009-02-04,-0.007517697439794895
2009-02-05,0.016233188600758928
2009-02-06,0.026540681935397104
2009-02-09,0.0014840917192800343
2009-02-10,-0.05036866949414839
2009-02-11,0.007923477223390516
2009-02-12,0.0017376553579209742
2009-02-13,-0.010048008389114625
2009-02-17,-0.04662949981810491
2009-02-18,-0.000950817478245573
2009-02-19,-0.012096896898495146
2009-02-20,-0.011478592263616477
2009-02-23,-0.035315317490224964
2009-02-24,0.0393200492217266
2009-02-25,-0.010715025437918897
2009-02-26,-0.01590567684576375
2009-02-27,-0.023846484170292854
2009-03-02,-0.04774188875107267
2009-03-03,-0.006427378038351219
2009-03-04,0.02347535830991525
2009-03-05,-0.04346330218569738
2009-03-06,0.001215314395986425
2009-03-09,-0.01007424513030657
2009-03-10,0.0617186323188922
2009-03-11,0.0024428307358472247
2009-03-12,0.03992107486845256
2009-03-13,0.007709235009042813
2009-03-16,-0.003522120560965446
2009-03-17,0.03163425945298957
2009-03-18,0.020643391776914963
2009-03-19,-0.013064127999233972
2009-03-20,-0.01996742895118435
2009-03-23,0.06836638735773641
2009-03-24,-0.02062636109659859
2009-03-25,0.009580332245017488
2009-03-26,0.023052602239829925
2009-03-27,-0.020524717385895695
2009-03-30,-0.035439323427820704
2009-03-31,0.013044168377756998
2009-04-01,0.016421043179743085
2009-04-02,0.028322225961306003
2009-04-03,0.009684722294469393
2009-04-06,-0.008367275616680818
2009-04-07,-0.02414366931764816
2009-04-08,0.011714557086847552
2009-04-09,0.037347090620733756
2009-04-13,0.0025301658560268466
2009-04-14,-0.02026851722493524
2009-04-15,0.012470930388817558
2009-04-16,0.015419309485732727
2009-04-17,0.004957054226539451
2009-04-20,-0.043732209141657034
2009-04-21,0.021029384216146016
2009-04-22,-0.007711320225478271
2009-04-23,0.009873443065781582
2009-04-24,0.016657834020331604
2009-04-27,-0.010117587499046198
2009-04-28,-0.0027442976398493147
2009-04-29,0.021379853727164114
2009-04-30,-0.0009505192207446081
2009-05-01,0.005381880325807842
2009-05-04,0.03330724358772585
2009-05-05,-0.003798929477293887
2009-05-06,0.01725461832941929
2009-05-07,-0.013290338985760736
2009-05-08,0.023783902379113705
2009-05-11,-0.02174719020275387
2009-05-12,-0.0009793349834762966
2009-05-13,-0.02726319853661259
2009-05-14,0.01029843199277203
2009-05-15,-0.011475676904067545
2009-05-18,0.029936594996533384
2009-05-19,-0.0017383460198724435
2009-05-20,-0.00514467268804702
2009-05-21,-0.016899558030336284
2009-05-22,-0.0014983325081699614
2009-05-26,0.02596220760015714
2009-05-27,-0.019153424774368058
2009-05-28,0.015301255166552454
2009-05-29,0.013483445887850906
2009-06-01,0.025489943861423548
2009-06-02,0.001981336974747815
2009-06-03,-0.013834465750709849
2009-06-04,0.011418220142166204
2009-06-05,-0.002517857488816695
2009-06-08,-0.001011065454445827
2009-06-09,0.003497059761173111
2009-06-10,-0.003486401379967999
2009-06-11,0.006093297249542341
2009-06-12,0.001396020848219796
2009-06-15,-0.02405559125359691
2009-06-16,-0.012801901027885946
2009-06-17,-0.0013825234667824294
2009-06-18,0.008375815004881833
2009-06-19,0.0031093582232429103
2009-06-22,-0.03107836433082392
2009-06-23,0.0023040684995177824
2009-06-24,0.0065032488243266596
2009-06-25,0.021217583998248746
2009-06-26,-0.0014789203486033056
2009-06-29,0.009024296841261898
2009-06-30,-0.008567351633166496
2009-07-01,0.004352444623651702
2009-07-02,-0.029577684825958017
2009-07-06,0.002562462104257053
2009-07-07,-0.019879785362884782
2009-07-08,-0.0016699311679349972
2009-07-09,0.003540946062317481
2009-07-10,-0.004029938077684044
2009-07-13,0.024627948777227286
2009-07-14,0.005301983236099628
2009-07-15,0.02919943487510086
2009-07-16,0.008604634691705462
2009-07-17,-0.0003827351332093228
2009-07-20,0.011366702462731141
2009-07-21,0.0036207145224277037
2009-07-22,-0.0005344193762499699
2009-07-23,0.023022599224312996
2009-07-24,0.003037543443477206
2009-07-27,0.0029773891259700837
2009-07-28,-0.00260984710734954
2009-07-29,-0.004573406026934112
2009-07-30,0.01182538418815696
2009-07-31,0.0007395090837835546
2009-08-03,0.015225607827281227
2009-08-04,0.0030075704221065014
2009-08-05,-0.0029178446171664904
2009-08-06,-0.005640532654178876
2009-08-07,0.01334970053225195
2009-08-10,-0.003350556724880266
2009-08-11,-0.012740935609429686
2009-08-12,0.011459230792872048
2009-08-13,0.0068564507961441
2009-08-14,-0.008567949977279207
2009-08-17,-0.024559960849173303
2009-08-18,0.010094533393885528
2009-08-19,0.006837483447019444
2009-08-20,0.010889227984113237
2009-08-21,0.018451479725420602
2009-08-24,-0.0005459459189837834
2009-08-25,0.002366663818367554
2009-08-26,0.00011671995565297763
2009-08-27,0.0027779002715912853
2009-08-28,-0.001990307732377177
2009-08-31,-0.008109198540382183
2009-09-01,-0.02237222631680637
2009-09-02,-0.003301884345751011
2009-09-03,0.008498582450941842
2009-09-04,0.013032243708161282
2009-09-08,0.008806045829839553
2009-09-09,0.007752259025442712
2009-09-10,0.010368292776658143
2009-09-11,-0.0013513389885911676
2009-09-14,0.00631910740710653
2009-09-15,0.0031304364906445527
2009-09-16,0.015207308062442325
2009-09-17,-0.003064329005571477
2009-09-18,0.0026338675941077866
2009-09-21,-0.0034131142078887163
2009-09-22,0.006553348588268071
2009-09-23,-0.0101195584531233
2009-09-24,-0.009556548191774188
2009-09-25,-0.006109360827818336
2009-09-28,0.017652853549567058
2009-09-29,-0.0022320656428964163
2009-09-30,-0.003333852135212442
2009-10-01,-0.026097211493280956
2009-10-02,-0.004515705309363511
2009-10-05,0.014765453960324762
2009-10-06,0.0136124155690534
2009-10-07,0.002707936560526622
2009-10-08,0.007442145876693546
2009-10-09,0.005624810543572637
2009-10-12,0.004376777568566423
2009-10-13,-0.002791504630813565
2009-10-14,0.017393743058258578
2009-10-15,0.004148850316393222
2009-10-16,-0.008131023468328601
2009-10-19,0.009361366739513969
2009-10-20,-0.0062586491870243255
2009-10-21,-0.00889323391718201
2009-10-22,0.010587374358508142
2009-10-23,-0.01225331535289976
2009-10-26,-0.011786514446438598
2009-10-27,-0.0033233071166753813
2009-10-28,-0.0197343861452413
2009-10-29,0.022270124333967762
2009-10-30,-0.028466028015250756
2009-11-02,0.00643565319102102
2009-11-03,0.002423064313306145
2009-11-04,0.0010420772415051826
2009-11-05,0.019052887220614025
2009-11-06,0.002500124319576515
2009-11-09,0.021995084915274347
2009-11-10,-6.399214138483759e-05
2009-11-11,0.005019357795690984
2009-11-12,-0.010312359059078017
2009-11-13,0.005722887256427731
2009-11-16,0.01436397656849818
2009-11-17,0.0009189839116237261
2009-11-18,-0.00046835078426778063
2009-11-19,-0.013516805711666349
2009-11-20,-0.0032201022062016984
2009-11-23,0.013523913934335078
2009-11-24,-0.0005334495209037495
2009-11-25,0.004494006880236033
2009-11-27,-0.01738369996793421
2009-11-30,0.0037858184300650394
2009-12-01,0.012002902588402555
2009-12-02,0.00034263999883941797
2009-12-03,-0.008437597492034073
2009-12-04,0.005494312254292437
2009-12-07,-0.002471432926803079
2009-12-08,-0.010304492069516176
2009-12-09,0.0036656453959778533
2009-12-10,0.005822720019583755
2009-12-11,0.0036763280289124935
2009-12-14,0.006935296207216683
2009-12-15,-0.005562408837016108
2009-12-16,0.0011275940949076902
2009-12-17,-0.01188091353803201
2009-12-18,0.005812952040880973
2009-12-21,0.010448977120226209
2009-12-22,0.0035572134993947157
2009-12-23,0.002296020686836971
2009-12-24,0.005242407471724702
2009-12-28,0.0011534152818410755
2009-12-29,-0.0014020340886091167
2009-12-30,0.00019541047723540855
2009-12-31,-0.010100435863962351
2010-01-04,0.015916082167126387
2010-01-05,0.003110831966759719
2010-01-06,0.0005453718878234133
2010-01-07,0.003993218354654243
2010-01-08,0.0028775830750962126
2010-01-11,0.0017452316285846302
2010-01-12,-0.00942544643894456
2010-01-13,0.008291456333360418
2010-01-14,0.002423486421414183
2010-01-15,-0.010882126301208588
2010-01-19,0.012422151207737096
2010-01-20,-0.010654386601861304
2010-01-21,-0.019126657272987804
2010-01-22,-0.02238977963010898
2010-01-25,0.004587559053796009
2010-01-26,-0.004212057847785588
2010-01-27,0.004868282868611808
2010-01-28,-0.011888125534279259
2010-01-29,-0.009877799049982582
2010-02-01,0.014165305546369656
2010-02-02,0.0128895204452028
2010-02-03,-0.005489350382538535
2010-02-04,-0.031635856049806906
2010-02-05,0.0028929303608266027
2010-02-08,-0.008902803100374192
2010-02-09,0.01295584177358637
2010-02-10,-0.0022350694280074235
2010-02-11,0.009633882335101287
2010-02-12,-0.0027483661199411307
2010-02-16,0.017840653536261433
2010-02-17,0.004229004596710374
2010-02-18,0.006563157733795463
2010-02-19,0.0021842348635910053
2010-02-22,-0.0010464051249203224
2010-02-23,-0.0121766449451987
2010-02-24,0.009673519697189884
2010-02-25,-0.0020832085528651543
2010-02-26,0.0014043925568579447
2010-03-01,0.010107257423603737
2010-03-02,0.0023277310028862693
2010-03-03,0.00042910952140039855
2010-03-04,0.00372915607957138
2010-03-05,0.013910282801603982
2010-03-08,-0.00017561143217653642
2010-03-09,0.0017112720239721047
2010-03-10,0.00451435490421295
2010-03-11,0.00403337431350597
2010-03-12,-0.0002173695700926971
2010-03-15,0.00045209262343589776
2010-03-16,0.007749014983159959
2010-03-17,0.005804795332563638
2010-03-18,-0.00032589912668909416
2010-03-19,-0.005099426451612706
2010-03-22,0.005082359099180065
2010-03-23,0.0071453777848001715
2010-03-24,-0.0055084478872883084
2010-03-25,-0.0017056210833286789
2010-03-26,0.0007374506159884132
2010-03-29,0.005667146312798056
2010-03-30,4.26584629303888e-05
2010-03-31,-0.00327824231803275
2010-04-01,0.007386454005524301
2010-04-05,0.007896729443087884
2010-04-06,0.001682878875349027
2010-04-07,-0.005894042967262019
2010-04-08,0.0033686614308549275
2010-04-09,0.00666166829683167
2010-04-12,0.0017650508571401095
2010-04-13,0.0006851660398368415
2010-04-14,0.011088363099908616
2010-04-15,0.0008421839911768203
2010-04-16,-0.016257982418547083
2010-04-19,0.004511140739529798
2010-04-20,0.008026045737071379
2010-04-21,-0.0010195164357019706
2010-04-22,0.0022613206430901964
2010-04-23,0.0070982676832182495
2010-04-26,-0.004305704355093108
2010-04-27,-0.023659640178701643
2010-04-28,0.006441958378180898
2010-04-29,0.012860180281289574
2010-04-30,-0.016787810139866296
2010-05-03,0.01303525745326214
2010-05-04,-0.024127199957418213
2010-05-05,-0.006608341800780098
2010-05-06,-0.032888440643963665
2010-05-07,-0.015426646180907493
2010-05-10,0.04303470414561544
2010-05-11,-0.003403075918466228
2010-05-12,0.013645992401824483
2010-05-13,-0.01221949988922511
2010-05-14,-0.018978981387949807
2010-05-17,0.0011087536210084368
2010-05-18,-0.01429763178499772
2010-05-19,-0.005143468860015588
2010-05-20,-0.03975579583776626
2010-05-21,0.014912632585704338
2010-05-24,-0.012992046323687721
2010-05-25,0.00035387476465256084
2010-05-26,-0.005677078693651669
2010-05-27,0.032347311768677056
2010-05-28,-0.012451892345405802
2010-06-01,-0.017314353324598773
2010-06-02,0.02551442810834267
2010-06-03,0.004043191983442443
2010-06-04,-0.035017442089831104
2010-06-07,-0.013624466165715648
2010-06-08,0.01091626764351899
2010-06-09,-0.005959396741888012
2010-06-10,0.02907984566617691
2010-06-11,0.00437011574261751
2010-06-14,-0.0018062939317567235
2010-06-15,0.02322245059850045
2010-06-16,-0.0005560893540954269
2010-06-17,0.001282185812389404
2010-06-18,0.0013162641384549061
2010-06-21,-0.003864297943398893
2010-06-22,-0.01620122508698942
2010-06-23,-0.00298993926106872
2010-06-24,-0.016946283204951274
2010-06-25,0.002855281931545411
2010-06-28,-0.0020360096106544403
2010-06-29,-0.03150823034220891
2010-06-30,-0.01016445397333528
2010-07-01,-0.0032457133092441124
2010-07-02,-0.004673271754301508
2010-07-06,0.005344725887457727
2010-07-07,0.030850023008263838
2010-07-08,0.00936865495165787
2010-07-09,0.007178063766629461
2010-07-12,0.0007326336059528174
2010-07-13,0.015261822735573064
2010-07-14,-0.00015514366479341991
2010-07-15,0.0011953885564136067
2010-07-16,-0.02924290970075012
2010-07-19,0.005964069587908596
2010-07-20,0.011351874168992774
2010-07-21,-0.012902699582286207
2010-07-22,0.022263687822425646
2010-07-23,0.00818642018434479
2010-07-26,0.01113790871672976
2010-07-27,-0.0010499083075197902
2010-07-28,-0.006946032638280118
2010-07-29,-0.004167292220516642
2010-07-30,6.349719619899018e-05
2010-08-02,0.021783528781166763
2010-08-03,-0.004807894641330393
2010-08-04,0.006032878060028029
2010-08-05,-0.0012693298432147424
2010-08-06,-0.0037109155663972966
2010-08-09,0.005468087107405527
2010-08-10,-0.005985281603927613
2010-08-11,-0.028583405997961563
2010-08-12,-0.005393266400071399
2010-08-13,-0.004031690712189038
2010-08-16,0.00012045128871151444
2010-08-17,0.012118489601347648
2010-08-18,0.0014816804859392602
2010-08-19,-0.01708043585689712
2010-08-20,-0.003669753922919338
2010-08-23,-0.0040484907945532
2010-08-24,-0.014618768361991257
2010-08-25,0.003283944691638116
2010-08-26,-0.007714466580892417
2010-08-27,0.016450710403283032
2010-08-30,-0.014828611113085734
2010-08-31,0.00039071808849260096
2010-09-01,0.029077736386750194
2010-09-02,0.00903985298673457
2010-09-03,0.013132393793160998
2010-09-07,-0.011537491412768315
2010-09-08,0.0064180594909031665
2010-09-09,0.0048206520589967215
2010-09-10,0.004851545040690317
2010-09-13,0.01106912660314444
2010-09-14,-0.0007133739296067345
2010-09-15,0.003534883802268771
2010-09-16,-0.0003644100558466401
2010-09-17,0.0008265141149324639
2010-09-20,0.015095287889557545
2010-09-21,-0.0025673131207138568
2010-09-22,-0.004837172794451643
2010-09-23,-0.008366240177841381
2010-09-24,0.020972915547808245
2010-09-27,-0.005683553181933576
2010-09-28,0.004838660735848585
2010-09-29,-0.002591112883144724
2010-09-30,-0.00308848670645526
2010-10-01,0.004406714359894576
2010-10-04,-0.008067386519721716
2010-10-05,0.02064672250716406
2010-10-06,-0.0006722304595956211
2010-10-07,-0.0016478755817934904
2010-10-08,0.006103613171284074
2010-10-11,0.00014582627318711122
2010-10-12,0.0038114836641496563
2010-10-13,0.007095785561559261
2010-10-14,-0.003648032184403023
2010-10-15,0.002025432873275127
2010-10-18,0.007217634690706231
2010-10-19,-0.016004644029054833
2010-10-20,0.010469082613678416
2010-10-21,0.0017723369527991779
2010-10-22,0.0023864087842906394
2010-10-25,0.00214467014688162
2010-10-26,1.6885142218022246e-05
2010-10-27,-0.0026942096392165637
2010-10-28,0.0011242172367564925
2010-10-29,-0.00043938381356833266
2010-11-01,0.0009460857172530168
2010-11-02,0.007729336064693736
2010-11-03,0.003671306443685746
2010-11-04,0.019099304409664532
2010-11-05,0.003915079053611362
2010-11-08,-0.0021232098228606586
2010-11-09,-0.008084894540661062
2010-11-10,0.004366533579725262
2010-11-11,-0.004251149890857143
2010-11-12,-0.011878766244753407
2010-11-15,-0.0012181773094550822
2010-11-16,-0.016338157414688127
2010-11-17,0.0002121403759877297
2010-11-18,0.015240583543647691
2010-11-19,0.0025371519119104955
2010-11-22,-0.001576608885061296
2010-11-23,-0.014387031590549965
2010-11-24,0.01481271551861717
2010-11-26,-0.007496591424233891
2010-11-29,-0.001379810265237083
2010-11-30,-0.006088715610163862
2010-12-01,0.021386622263129783
2010-12-02,0.012737100160620848
2010-12-03,0.0025998540163515035
2010-12-06,-0.0012990821033003648
2010-12-07,0.0005149475844580072
2010-12-08,0.0036949257526148233
2010-12-09,0.0038353835670092563
2010-12-10,0.005983703744360294
2010-12-13,4.8319150458452794e-05
2010-12-14,0.0009105416846800492
2010-12-15,-0.0051356170153353965
2010-12-16,0.006166045704273937
2010-12-17,0.0008364544598930705
2010-12-20,0.0025451114605429463
2010-12-21,0.0060119938497866
2010-12-22,0.0033738576255426243
2010-12-23,-0.0016456817776046477
2010-12-27,0.0006125096248109704
2010-12-28,0.0007710265951420123
2010-12-29,0.0010086365106648648
2010-12-30,-0.0015093576964174303
2010-12-31,-0.00019080765268397786
2011-01-03,0.01125129414776139
2011-01-04,-0.001313924652635054
2011-01-05,0.004994676074308499
2011-01-06,-0.002125214370637225
2011-01-07,-0.001846485769081899
2011-01-10,-0.0013772751808198854
2011-01-11,0.003718206258407198
2011-01-12,0.008967253798850817
2011-01-13,-0.001712211240459357
2011-01-14,0.007357410347301483
2011-01-18,0.0013754642661832541
2011-01-19,-0.010167165793385584
2011-01-20,-0.0012957984038339024
2011-01-21,0.0024106376042604427
2011-01-24,0.005819315234595438
2011-01-25,0.00026342777361852736
2011-01-26,0.004212024148480004
2011-01-27,0.002241791060799816
2011-01-28,-0.018013805424182846
2011-01-31,0.007633349932881147
2011-02-01,0.016555791837834375
2011-02-02,-0.0027262302593629275
2011-02-03,0.0023514322901266806
2011-02-04,0.0028801110627525582
2011-02-07,0.006220782345952654
2011-02-08,0.004176020375839696
2011-02-09,-0.002789653077800705
2011-02-10,0.000749212207498601
2011-02-11,0.00549226150188646
2011-02-14,0.002382084644068833
2011-02-15,-0.003240154691578971
2011-02-16,0.006237938698850808
2011-02-17,0.0030709708803804935
2011-02-18,0.0019228727220244875
2011-02-22,-0.020742204920454525
2011-02-23,-0.006130715010508629
2011-02-24,-0.0009948719612429039
2011-02-25,0.010495248165324718
2011-02-28,0.005545679951233036
2011-03-01,-0.015864861791058633
2011-03-02,0.0016138978895201782
2011-03-03,0.017072434579238578
2011-03-04,-0.007405389789368721
2011-03-07,-0.008376215256269803
2011-03-08,0.008883161530176173
2011-03-09,-0.0013626313929708095
2011-03-10,-0.019051280476330656
2011-03-11,0.007055564524569619
2011-03-14,-0.006067696956773771
2011-03-15,-0.011263544394845545
2011-03-16,-0.019687481949372254
2011-03-17,0.013309266231874258
2011-03-18,0.0043009395825458095
2011-03-21,0.01487466793018228
2011-03-22,-0.0035568853410381704
2011-03-23,0.002909742258502921
2011-03-24,0.009297393435475379
2011-03-25,0.0031561510021889394
2011-03-28,-0.002751618499391395
2011-03-29,0.007035239607301627
2011-03-30,0.006662462626235184
2011-03-31,-0.001831177104975248
2011-04-01,0.004950712944456072
2011-04-04,0.0003451501808517552
2011-04-05,-0.00018007145753026058
2011-04-06,0.002181296758153027
2011-04-07,-0.0015211626992252944
2011-04-08,-0.004012483000974196
2011-04-11,-0.00279728829140217
2011-04-12,-0.007807095445724583
2011-04-13,0.0001902174903101045
2011-04-14,8.36730908616908e-05
2011-04-15,0.003917728825568014
2011-04-18,-0.011078997728577972
2011-04-19,0.005714810218094469
2011-04-20,0.013424435132347328
2011-04-21,0.0052629084996557015
2011-04-25,-0.0015939395500958124
2011-04-26,0.008939507790192994
2011-04-27,0.006230397799828821
2011-04-28,0.0035491184714345463
2011-04-29,0.002298019742020782
2011-05-02,-0.001754249109045456
2011-05-03,-0.0033850263710526606
2011-05-04,-0.006878914252832363
2011-05-05,-0.009111217180694528
2011-05-06,0.003812642995876722
2011-05-09,0.004533870101931407
2011-05-10,0.00804161600966336
2011-05-11,-0.011173689687885626
2011-05-12,0.004883493672167491
2011-05-13,-0.008100047045425269
2011-05-16,-0.0062237186380957365
2011-05-17,-0.0003686285233300362
2011-05-18,0.008765271983703134
2011-05-19,0.0021755725891674884
2011-05-20,-0.007717974612614023
2011-05-23,-0.011997264840988668
2011-05-24,-0.0008277226453314669
2011-05-25,0.0031781131566695725
2011-05-26,0.003945322767699228
2011-05-27,0.004072615318765918
2011-05-31,0.01053701485636789
2011-06-01,-0.023048225700640405
2011-06-02,-0.001225586114047521
2011-06-03,-0.00978149266519151
2011-06-06,-0.010818516013722313
2011-06-07,-0.0009568650426676839
2011-06-08,-0.0041956644216076975
2011-06-09,0.007350409328991669
2011-06-10,-0.014078482881846339
2011-06-13,0.0006685325595012269
2011-06-14,0.012532913485107313
2011-06-15,-0.01758556950725801
2011-06-16,0.0017527979756827483
2011-06-17,0.003040390291799793
2011-06-20,0.005380689090158733
2011-06-21,0.0133341790614636
2011-06-22,-0.006489459844407726
2011-06-23,-0.002831992858193941
2011-06-24,-0.011795077176858442
2011-06-27,0.009142536655730837
2011-06-28,0.012861292735996777
2011-06-29,0.008248633534913173
2011-06-30,0.010068371595162745
2011-07-01,0.014306869106082431
2011-07-05,-0.0013370725450782008
2011-07-06,0.0010010578196052824
2011-07-07,0.010399582892092554
2011-07-08,-0.006985458106936123
2011-07-11,-0.018256166936573934
2011-07-12,-0.004443369829837216
2011-07-13,0.0031010271091221173
2011-07-14,-0.006738782369334765
2011-07-15,0.005539055540283086
2011-07-18,-0.008163117539368405
2011-07-19,0.01617714964684356
2011-07-20,-0.0006710584073998067
2011-07-21,0.013455262786265243
2011-07-22,0.0009074395131127662
2011-07-25,-0.005658995223243947
2011-07-26,-0.00411342006232854
2011-07-27,-0.02051772480729147
2011-07-28,-0.0032392071555055867
2011-07-29,-0.006471427287173138
2011-08-01,-0.004140860866230743
2011-08-02,-0.025888909190623945
2011-08-03,0.0050031459527175165
2011-08-04,-0.0490016550437416
2011-08-05,-0.0005750829892724604
2011-08-08,-0.06895836939262512
2011-08-09,0.04631744106338802
2011-08-10,-0.04515679702747437
2011-08-11,0.04525059436377155
2011-08-12,0.005247875067275939
2011-08-15,0.021550727976033655
2011-08-16,-0.009786275177620173
2011-08-17,0.0009469381398126654
2011-08-18,-0.04561859893236344
2011-08-19,-0.015122756128207963
2011-08-22,0.0002580078732242726
2011-08-23,0.03371024838647402
2011-08-24,0.013034651368546804
2011-08-25,-0.01568793473796148
2011-08-26,0.015008418274915636
2011-08-29,0.027887505012164332
2011-08-30,0.0023442750237692416
2011-08-31,0.004909908712070555
2011-09-01,-0.011942460792303735
2011-09-02,-0.025607017291752767
2011-09-06,-0.007464076457609708
2011-09-07,0.028243824959147193
2011-09-08,-0.01066889038730246
2011-09-09,-0.027068562510962152
2011-09-12,0.0069415681820229275
2011-09-13,0.009078726180354301
2011-09-14,0.013389760518230381
2011-09-15,0.01704104671810514
2011-09-16,0.00569047556193546
2011-09-19,-0.009850948688080358
2011-09-20,-0.0016623864527241425
2011-09-21,-0.02983099508714744
2011-09-22,-0.032402456759229786
2011-09-23,0.006063588829469748
2011-09-26,0.02306802129696945
2011-09-27,0.010631665357294654
2011-09-28,-0.02090819585269548
2011-09-29,0.008081486435358656
2011-09-30,-0.02529127447886567
2011-10-03,-0.02886360290378494
2011-10-04,0.02223930613115467
2011-10-05,0.017707918945510777
2011-10-06,0.018138168466480482
2011-10-07,-0.00819681118762265
2011-10-10,0.033555643919288364
2011-10-11,0.0005438556372526529
2011-10-12,0.009747046937638061
2011-10-13,-0.0029781023951361333
2011-10-14,0.017230948802478146
2011-10-17,-0.01955993759944958
2011-10-18,0.02021304938031121
2011-10-19,-0.012729818787026607
2011-10-20,0.004543839821084399
2011-10-21,0.01863406749243458
2011-10-24,0.012790806680371788
2011-10-25,-0.020248346199382077
2011-10-26,0.01048143054408723
2011-10-27,0.03371659116813434
2011-10-28,0.00038915352854135727
2011-10-31,-0.025048616612977612
2011-11-01,-0.02834005962159464
2011-11-02,0.015976363304397206
2011-11-03,0.018607607200930413
2011-11-04,-0.0062998195371895644
2011-11-07,0.006276008211166596
2011-11-08,0.011667310321725162
2011-11-09,-0.037385347098988095
2011-11-10,0.008587201099481741
2011-11-11,0.019293223004513554
2011-11-14,-0.009596036687554769
2011-11-15,0.00480559827730043
2011-11-16,-0.016755798341954984
2011-11-17,-0.016942671987706433
2011-11-18,-0.0003947564904724282
2011-11-21,-0.01882457110494877
2011-11-22,-0.004149438857005794
2011-11-23,-0.02234297045859626
2011-11-25,-0.0026891193002505226
2011-11-28,0.028821079038609924
2011-11-29,0.0022112069693969918
2011-11-30,0.04240343833622763
2011-12-01,-0.0019104695778526483
2011-12-02,-0.00024101537332728125
2011-12-05,0.010234463299265799
2011-12-06,0.0011051379065262915
2011-12-07,0.0020163207826575202
2011-12-08,-0.021368498950929855
2011-12-09,0.016742412907085384
2011-12-12,-0.01502638690477899
2011-12-13,-0.008723953020305214
2011-12-14,-0.01141325149713759
2011-12-15,0.003237852858081692
2011-12-16,0.003210989101900451
2011-12-19,-0.011802198458557732
2011-12-20,0.029389295930944068
2011-12-21,0.001947608164854339
2011-12-22,0.008231577169829831
2011-12-23,0.008994480783105519
2011-12-27,7.910481903918606e-05
2011-12-28,-0.012556506256502386
2011-12-29,0.010650172463280615
2011-12-30,-0.004300570740064627
2012-01-03,0.015355483670177897
2012-01-04,0.00018790634443729306
2012-01-05,0.002939392669493865
2012-01-06,-0.0025401850025391333
2012-01-09,0.0022590443626086362
2012-01-10,0.0088465236130604
2012-01-11,0.00030954934463217333
2012-01-12,0.0023338827385691882
2012-01-13,-0.004960204447869401
2012-01-17,0.003546657768174128
2012-01-18,0.011046689130222281
2012-01-19,0.004926501717244016
2012-01-20,0.0006692357932856269
2012-01-23,0.0004712319220408503
2012-01-24,-0.0010263438252235968
2012-01-25,0.008641694717196025
2012-01-26,-0.005770508287989055
2012-01-27,-0.0015941475452909452
2012-01-30,-0.0025253090863453726
2012-01-31,-0.0004570511280779364
2012-02-01,0.008860237474265962
2012-02-02,0.0010945478306671234
2012-02-03,0.014499725948107648
2012-02-06,-0.0004239640135311185
2012-02-07,0.0020213375254701533
2012-02-08,0.0021578809333250354
2012-02-09,0.0014730251258786603
2012-02-10,-0.006910122643616179
2012-02-13,0.006777023326497382
2012-02-14,-0.0009399650039259267
2012-02-15,-0.005397747536216691
2012-02-16,0.010965365833276902
2012-02-17,0.0023461758829402962
2012-02-21,0.0007196637576957368
2012-02-22,-0.0033456974121455286
2012-02-23,0.00426290318060624
2012-02-24,0.001670841175508428
2012-02-27,0.0013536425518792066
2012-02-28,0.0033507134923147753
2012-02-29,-0.004748242756953383
2012-03-01,0.006139156544532941
2012-03-02,-0.0032510350278581205
2012-03-05,-0.0038772005028211405
2012-03-06,-0.015489506127544145
2012-03-07,0.006876921722994126
2012-03-08,0.009770049174722241
2012-03-09,0.0036246730207315234
2012-03-12,0.00016044778678812074
2012-03-13,0.017969133090434228
2012-03-14,-0.0011969780885961415
2012-03-15,0.0059494657015602215
2012-03-16,0.0011187724767004654
2012-03-19,0.003965971514071157
2012-03-20,-0.003005028734390367
2012-03-21,-0.0018729499037742287
2012-03-22,-0.007232634226897842
2012-03-23,0.0031040360075561585
2012-03-26,0.013790299964088289
2012-03-27,-0.002820749754246321
2012-03-28,-0.004953758683289016
2012-03-29,-0.0016092239433873861
2012-03-30,0.003691613621621361
2012-04-02,0.007476626120982405
2012-04-03,-0.003996611820141247
2012-04-04,-0.010254926852538038
2012-04-05,-0.0006292401524213991
2012-04-09,-0.011423437999542612
2012-04-10,-0.017229025277185804
2012-04-11,0.007421289800123757
2012-04-12,0.013685315235975748
2012-04-13,-0.012553467125056119
2012-04-16,-0.0005037272401734527
2012-04-17,0.015367979157954645
2012-04-18,-0.004063533761746023
2012-04-19,-0.005952075477202332
2012-04-20,0.0011685826213373295
2012-04-23,-0.008443113102887432
2012-04-24,0.003673019641628904
2012-04-25,0.0135523428987414
2012-04-26,0.006657952133507798
2012-04-27,0.002411413929023093
2012-04-30,-0.0038910622753696145
2012-05-01,0.005642435719684134
2012-05-02,-0.0024998055766587628
2012-05-03,-0.0076883511035068415
2012-05-04,-0.016278995721590046
2012-05-07,0.000350519582897646
2012-05-08,-0.004287853134969311
2012-05-09,-0.006724827531781949
2012-05-10,0.0025142474063852525
2012-05-11,-0.0033930913342817433
2012-05-14,-0.011175073102338487
2012-05-15,-0.005762408276502476
2012-05-16,-0.0044135439289479245
2012-05-17,-0.015165797405604461
2012-05-18,-0.007415201826754865
2012-05-21,0.01590868439583931
2012-05-22,0.00048621879514186843
2012-05-23,0.001692270514548765
2012-05-24,0.0013790801585880884
2012-05-25,-0.002167980702760717
2012-05-29,0.01101805527882847
2012-05-30,-0.014438629304797283
2012-05-31,-0.0022792610600432576
2012-06-01,-0.024951295414361523
2012-06-04,0.00010954819498779878
2012-06-05,0.005710514594359025
2012-06-06,0.022787776048048256
2012-06-07,-0.00010647016016737382
2012-06-08,0.008081420799989608
2012-06-11,-0.012700423815401067
2012-06-12,0.011583389901239803
2012-06-13,-0.007048030071104175
2012-06-14,0.010756592649869777
2012-06-15,0.010284745652146795
2012-06-18,0.0014437039589353582
2012-06-19,0.009767834417612748
2012-06-20,-0.001687780512771723
2012-06-21,-0.022513208183375856
2012-06-22,0.00714898923450435
2012-06-25,-0.016083502390603004
2012-06-26,0.004761368161020215
2012-06-27,0.00894478141961743
2012-06-28,-0.0021120283457667526
2012-06-29,0.024614793734920246
2012-07-02,0.002456292158706836
2012-07-03,0.0062127715684242545
2012-07-05,-0.004698041566321199
2012-07-06,-0.009477418655581979
2012-07-09,-0.00164017617051813
2012-07-10,-0.00815912178959069
2012-07-11,-1.4923688990578574e-05
2012-07-12,-0.004999574352459078
2012-07-13,0.016362759247573275
2012-07-16,-0.0023169958916205513
2012-07-17,0.00738235580991176
2012-07-18,0.006658275330085007
2012-07-19,0.002713415248511383
2012-07-20,-0.010112620534169033
2012-07-23,-0.008948979003707246
2012-07-24,-0.00908205019242412
2012-07-25,-0.0003139107221179555
2012-07-26,0.01640566286495112
2012-07-27,0.018900814490450273
2012-07-30,-0.00048347644461061725
2012-07-31,-0.004326172766220222
2012-08-01,-0.0029041929017454256
2012-08-02,-0.007531963624136046
2012-08-03,0.018861288185302486
2012-08-06,0.002326560724057678
2012-08-07,0.005093762742592908
2012-08-08,0.000620633807453193
2012-08-09,0.00041359999517301903
2012-08-10,0.0021860506671047943
2012-08-13,-0.0012526850781939547
2012-08-14,-0.00012815461201997174
2012-08-15,0.0011389916294490677
2012-08-16,0.007075420387505465
2012-08-17,0.0018703837394767023
2012-08-20,-2.1175053652821643e-05
2012-08-21,-0.003503666814444632
2012-08-22,0.00022637762345679676
2012-08-23,-0.008104999597722566
2012-08-24,0.006433988343262266
2012-08-27,-0.0004891344205224454
2012-08-28,-0.0008085090427962799
2012-08-29,0.0008439929642994782
2012-08-30,-0.007836429729673381
2012-08-31,0.005060469767645165
2012-09-04,-0.0011666393226880797
2012-09-05,-0.0010682316532888013
2012-09-06,0.020229536612006892
2012-09-07,0.0040417949889430295
2012-09-10,-0.006166805654652836
2012-09-11,0.003130052101452872
2012-09-12,0.002090505602596938
2012-09-13,0.01617817215384428
2012-09-14,0.003951135292808127
2012-09-17,-0.0031295828602655195
2012-09-18,-0.001280595132117327
2012-09-19,0.0011848517443742584
2012-09-20,-0.00054087999282134
2012-09-21,-7.532185571705149e-05
2012-09-24,-0.002235150069379947
2012-09-25,-0.010557389418567714
2012-09-26,-0.005753253211740956
2012-09-27,0.009602727708234702
2012-09-28,-0.004487808236766832
2012-10-01,0.002647997667994667
2012-10-02,0.0008719067272658147
2012-10-03,0.003617857293033645
2012-10-04,0.007148821731697362
2012-10-05,-0.0003216410840751239
2012-10-08,-0.0034627238474289053
2012-10-09,-0.009940182135141966
2012-10-10,-0.0062072555664811424
2012-10-11,0.00019537043698457742
2012-10-12,-0.002970544956016541
2012-10-15,0.008045470752666933
2012-10-16,0.010217555817170515
2012-10-17,0.004108606125954804
2012-10-18,-0.0024467198768949572
2012-10-19,-0.01671014460003599
2012-10-22,0.0004394856785508615
2012-10-23,-0.014549234970738009
2012-10-24,-0.0030901524835878326
2012-10-25,0.002991064948394708
2012-10-26,-0.0007292475686444066
2012-10-31,0.00015586755128053293
2012-11-01,0.010867212600985972
2012-11-02,-0.009423718242892513
2012-11-05,0.002161471345057592
2012-11-06,0.00782250912272711
2012-11-07,-0.023990484179204748
2012-11-08,-0.0122799333135091
2012-11-09,0.0016972512798215903
2012-11-12,0.00013047937654856286
2012-11-13,-0.003993383474745327
2012-11-14,-0.013948870444327605
2012-11-15,-0.001594815957016726
2012-11-16,0.004828274735175702
2012-11-19,0.01966737673954756
2012-11-20,0.0006631664358276915
2012-11-21,0.002317493660971613
2012-11-23,0.012942202068968308
2012-11-26,-0.0020316442693263446
2012-11-27,-0.005240293685227754
2012-11-28,0.007825330760125263
2012-11-29,0.004260553566881813
2012-11-30,0.0001624943340681183
2012-12-03,-0.004756519166260062
2012-12-04,-0.0017112757910542108
2012-12-05,0.0015836076545869759
2012-12-06,0.0033011358587093772
2012-12-07,0.002916661999350491
2012-12-10,0.0003385032499758963
2012-12-11,0.006527531315292975
2012-12-12,0.000448139333956705
2012-12-13,-0.006341489977008348
2012-12-14,-0.004143975679491531
2012-12-17,0.011800688037811027
2012-12-18,0.011421185666775555
2012-12-19,-0.0076181455628212226
2012-12-20,0.005473104693568626
2012-12-21,-0.009422944450144789
2012-12-24,-0.0024432789712663986
2012-12-26,-0.0047989567899257195
2012-12-27,-0.0012191849162664064
2012-12-28,-0.011111445674961485
2012-12-31,0.01680002726988578
2013-01-02,0.025086115958697298
2013-01-03,-0.002087795423524574
2013-01-04,0.0048532999789810665
2013-01-07,-0.003128003259122683
2013-01-08,-0.0032476391807331087
2013-01-09,0.00265234535868163
2013-01-10,0.00756870010921085
2013-01-11,-4.751511497752233e-05
2013-01-14,-0.0009311049049197806
2013-01-15,0.001128033295304306
2013-01-16,0.0001969725099562613
2013-01-17,0.0056270605413545815
2013-01-18,0.003397492378151099
2013-01-22,0.00441833162771152
2013-01-23,0.001506341924293118
2013-01-24,6.61466154430249e-06
2013-01-25,0.005430708661868184
2013-01-28,-0.0018513342747921247
2013-01-29,0.005093003781205059
2013-01-30,-0.003907244671751714
2013-01-31,-0.002566591958392015
2013-02-01,0.010002513224009682
2013-02-04,-0.0116058327096515
2013-02-05,0.010362632222059643
2013-02-06,0.0005490198591339299
2013-02-07,-0.001807031055856767
2013-02-08,0.0056419945850431485
2013-02-11,-0.0006063012476382776
2013-02-12,0.0015940011376042063
2013-02-13,0.0005920877747906565
2013-02-14,0.000690433265053607
2013-02-15,-0.001045627796013619
2013-02-19,0.007309694441361245
2013-02-20,-0.012481711430005843
2013-02-21,-0.00632300546566533
2013-02-22,0.008734213386774423
2013-02-25,-0.01847927558477439
2013-02-26,0.006090876862567387
2013-02-27,0.012645699119019574
2013-02-28,-0.0008644534614572404
2013-03-01,0.002321159449526721
2013-03-04,0.004600126548349631
2013-03-05,0.009520551872499975
2013-03-06,0.0010839250554146814
2013-03-07,0.0018148436172064244
2013-03-08,0.00447112871295497
2013-03-11,0.0032438188658736856
2013-03-12,-0.002406145396801988
2013-03-13,0.0013131891571707575
2013-03-14,0.005587352158971998
2013-03-15,-0.0016197737499887566
2013-03-18,-0.005525570335024047
2013-03-19,-0.0024254697268762293
2013-03-20,0.006675163815817943
2013-03-21,-0.008316923756005078
2013-03-22,0.007148643803299891
2013-03-25,-0.003345629300947282
2013-03-26,0.007754963194634991
2013-03-27,-0.0005885230525645966
2013-03-28,0.004048463396191122
2013-04-01,-0.004483616865356026
2013-04-02,0.005158933898853431
2013-04-03,-0.010602133218841155
2013-04-04,0.004040279012737101
2013-04-05,-0.004304145168907639
2013-04-08,0.006282958765270947
2013-04-09,0.003538065806577469
2013-04-10,0.012115443329548888
2013-04-11,0.0035459561795765683
2013-04-12,-0.0028407983185492532
2013-04-15,-0.02323412455036433
2013-04-16,0.014205840828064486
2013-04-17,-0.014431313685984552
2013-04-18,-0.0067235559695443025
2013-04-19,0.008808989051054724
2013-04-22,0.004650798215427389
2013-04-23,0.01036531280555277
2013-04-24,6.340170072840042e-06
2013-04-25,0.004026614564991384
2013-04-26,-0.0018438118015177635
2013-04-29,0.00716031536940742
2013-04-30,0.00248181741858196
2013-05-01,-0.009351472649564404
2013-05-02,0.009364003810320709
2013-05-03,0.01047956394817034
2013-05-06,0.001905961128483939
2013-05-07,0.005216639159837863
2013-05-08,0.004130538866696586
2013-05-09,-0.00369391802877331
2013-05-10,0.004312343771584845
2013-05-13,4.288844886953105e-05
2013-05-14,0.010091066969150287
2013-05-15,0.005101103490210887
2013-05-16,-0.005022331985410747
2013-05-17,0.010247411986562578
2013-05-20,-0.0007078684047072334
2013-05-21,0.001720904683002348
2013-05-22,-0.008308074265778554
2013-05-23,-0.0029281151046060853
2013-05-24,-0.0005515174989888943
2013-05-28,0.006320962109160131
2013-05-29,-0.007072936243165862
2013-05-30,0.003663625114313425
2013-05-31,-0.014410576921857085
2013-06-03,0.005918439859741687
2013-06-04,-0.005526048005605536
2013-06-05,-0.013875554543922225
2013-06-06,0.008454454144230643
2013-06-07,0.01274991452694569
2013-06-10,-0.0003468736036370341
2013-06-11,-0.01020526418482108
2013-06-12,-0.008404776908050976
2013-06-13,0.014676069097359318
2013-06-14,-0.005902401062457968
2013-06-17,0.007538875562714677
2013-06-18,0.0077609634287832945
2013-06-19,-0.013948301328481997
2013-06-20,-0.02532842439229829
2013-06-21,0.002666219053525561
2013-06-24,-0.01221936895962692
2013-06-25,0.009452456559302368
2013-06-26,0.009544789666190033
2013-06-27,0.006180691300296602
2013-06-28,-0.004298788980467904
2013-07-01,0.005389199609389811
2013-07-02,-0.0005450566900508968
2013-07-03,0.0008237078945754475
2013-07-05,0.010150045703225963
2013-07-08,0.00523780521383603
2013-07-09,0.007203661934863007
2013-07-10,0.00018157596462801376
2013-07-11,0.013463212765353812
2013-07-12,0.0030817302206288433
2013-07-15,0.0013739351515561534
2013-07-16,-0.0037156554177069927
2013-07-17,0.0027702066483981415
2013-07-18,0.0050203417120067255
2013-07-19,0.0016087555796456545
2013-07-22,0.0020309625424268186
2013-07-23,-0.0018536538683364202
2013-07-24,-0.0038185027297184216
2013-07-25,0.002553209985188819
2013-07-26,0.0008279514379092263
2013-07-29,-0.0037430341753677174
2013-07-30,0.00037374708533409457
2013-07-31,-0.0001364185159984208
2013-08-01,0.012462588230416578
2013-08-02,0.0016391140879470276
2013-08-05,-0.0014809308775636419
2013-08-06,-0.00573947283055402
2013-08-07,-0.0038131256619417632
2013-08-08,0.0038779210740465357
2013-08-09,-0.0035763480414268737
2013-08-12,-0.0011535858605248943
2013-08-13,0.002772210007268357
2013-08-14,-0.005190063227858108
2013-08-15,-0.014384564947961866
2013-08-16,-0.003310067623478068
2013-08-19,-0.005917777957153822
2013-08-20,0.0038139130983711445
2013-08-21,-0.005796369467346862
2013-08-22,0.008582441743413965
2013-08-23,0.00393924191021318
2013-08-26,-0.004047839230058562
2013-08-27,-0.01600153922918335
2013-08-28,0.0027438773089689754
2013-08-29,0.0019614766490956537
2013-08-30,-0.0031793671926351754
2013-09-03,0.004155575226959593
2013-09-04,0.008084187928560308
2013-09-05,0.0012091315394673384
2013-09-06,5.442965978223178e-05
2013-09-09,0.009943282138970118
2013-09-10,0.007318940484802409
2013-09-11,0.0030476346138184848
2013-09-12,-0.0033861418278017777
2013-09-13,0.002711001653103429
2013-09-16,0.005677008295820802
2013-09-17,0.00420886959655227
2013-09-18,0.012104121558415792
2013-09-19,-0.0018446541484815583
2013-09-20,-0.007243053962847499
2013-09-23,-0.004730758941951058
2013-09-24,-0.002600521497731875
2013-09-25,-0.0027432251543777135
2013-09-26,0.0034793658479979504
2013-09-27,-0.004082121663443529
2013-09-30,-0.006047479981190951
2013-10-01,0.007966724683406784
2013-10-02,-0.0006668918703408628
2013-10-03,-0.009019972500552986
2013-10-04,0.007028466704283861
2013-10-07,-0.008542747536819599
2013-10-08,-0.012408749931083476
2013-10-09,0.0005737417306057981
2013-10-10,0.021595622882836497
2013-10-11,0.006266595617327234
2013-10-14,0.004066441145288558
2013-10-15,-0.007088789613758755
2013-10-16,0.013732804307132302
2013-10-17,0.0067213144137370845
2013-10-18,0.00652740546362272
2013-10-21,9.173220960465485e-05
2013-10-22,0.005721116239627231
2013-10-23,-0.004735753240036749
2013-10-24,0.003252838544355574
2013-10-25,0.0043852143927746775
2013-10-28,0.0013288165192369688
2013-10-29,0.0055686612140941685
2013-10-30,-0.0048878496945693045
2013-10-31,-0.003846770567938354
2013-11-01,0.0028992144122096126
2013-11-04,0.0035641993780981683
2013-11-05,-0.0028095308483402836
2013-11-06,0.004256468712287575
2013-11-07,-0.013270435999594777
2013-11-08,0.013338208792264144
2013-11-11,0.0007226700649729084
2013-11-12,-0.002373205445619954
2013-11-13,0.008062752720499361
2013-11-14,0.004825596820450657
2013-11-15,0.004213146273881077
2013-11-18,-0.0037050524235046974
2013-11-19,-0.0020450552776006604
2013-11-20,-0.003642235996161311
2013-11-21,0.0080957054207559
2013-11-22,0.0049491905000291735
2013-11-25,-0.0012641407872397545
2013-11-26,0.00014979323550383503
2013-11-27,0.002481998677460743
2013-11-29,-0.0007859984571164318
2013-12-02,-0.002722723534716429
2013-12-03,-0.0031979559918936147
2013-12-04,-0.0013043434697867973
2013-12-05,-0.004349015813080098
2013-12-06,0.011175194876875877
2013-12-09,0.0018154512479509814
2013-12-10,-0.0031847248956570497
2013-12-11,-0.011381397674606988
2013-12-12,-0.0037776883791563434
2013-12-13,-0.00010141528650587885
2013-12-16,0.006300152129396221
2013-12-17,-0.0031058059363714124
2013-12-18,0.01651090600917418
2013-12-19,-0.0005800974283937316
2013-12-20,0.004807155440690711
2013-12-23,0.0053040288862060605
2013-12-24,0.002911504304306033
2013-12-26,0.004734304621132077
2013-12-27,-0.0003366410106074713
2013-12-30,-0.00017926996201467877
2013-12-31,0.003951856349111548
2014-01-02,-0.008901413016629188
2014-01-03,-0.00033302052016060914
2014-01-06,-0.0025149272537594355
2014-01-07,0.006063345375391041
2014-01-08,-0.0002122315034510835
2014-01-09,0.0003482485435141758
2014-01-10,0.002304030490455301
2014-01-13,-0.012655966458794009
2014-01-14,0.010759876119934082
2014-01-15,0.005152889134682223
2014-01-16,-0.0013480284864258142
2014-01-17,-0.0039027803200150837
2014-01-21,0.0027699122428176707
2014-01-22,0.0005747000497681626
2014-01-23,-0.00892932476457093
2014-01-24,-0.02109642142734084
2014-01-27,-0.004888221853339347
2014-01-28,0.006121875622432071
2014-01-29,-0.01026170390849596
2014-01-30,0.011204044372218206
2014-01-31,-0.006486290214250376
2014-02-03,-0.023096604704486576
2014-02-04,0.007612043683081426
2014-02-05,-0.0020302824086565886
2014-02-06,0.012363054453375717
2014-02-07,0.013214193504296921
2014-02-10,0.0015680048032540356
2014-02-11,0.011001375944254965
2014-02-12,-0.00026929864772088686
2014-02-13,0.005793211978776681
2014-02-14,0.004797689385548304
2014-02-18,0.0011578033925587676
2014-02-19,-0.0065458617731959995
2014-02-20,0.006013341826934013
2014-02-21,-0.0019205666731810659
2014-02-24,0.006167455552331448
2014-02-25,-0.0013485906767746498
2014-02-26,2.1699742124629578e-05
2014-02-27,0.004935881408416543
2014-02-28,0.0027788242813380905
2014-03-03,-0.007405866200454787
2014-03-04,0.015152322676141788
2014-03-05,-5.335274966455346e-05
2014-03-06,0.0017169334968570882
2014-03-07,0.0005379445771157059
2014-03-10,-0.0004633536412194934
2014-03-11,-0.005095096975215844
2014-03-12,0.0003051243232100062
2014-03-13,-0.011770091695883623
2014-03-14,-0.002825766417445165
2014-03-17,0.009567717695038962
2014-03-18,0.0071936822454731885
2014-03-19,-0.006150525096734505
2014-03-20,0.0060223340875217475
2014-03-21,-0.002936980116608755
2014-03-24,-0.004876580959363224
2014-03-25,0.0043942708488222335
2014-03-26,-0.007024936954876045
2014-03-27,-0.0019018913439770551
2014-03-28,0.004629489243409657
2014-03-31,0.007892871384796676
2014-04-01,0.007014688044213445
2014-04-02,0.0028492638318384613
2014-04-03,-0.0011270852130106552
2014-04-04,-0.012616542925313997
2014-04-07,-0.010808312332149784
2014-04-08,0.0037435379801772804
2014-04-09,0.010859039341965573
2014-04-10,-0.02110596773738724
2014-04-11,-0.009532059739897396
2014-04-14,0.008183708150740607
2014-04-15,0.006734579517703411
2014-04-16,0.010433867948766148
2014-04-17,0.0013629237070939353
2014-04-21,0.003768015655572547
2014-04-22,0.004083788996127826
2014-04-23,-0.0022157668625220617
2014-04-24,0.001715488275330875
2014-04-25,-0.008129344743501644
2014-04-28,0.003230811162502344
2014-04-29,0.004749460504633521
2014-04-30,0.00298754980270127
2014-05-01,-0.00014327174433229932
2014-05-02,-0.0013493550298709083
2014-05-05,0.0018694675823397822
2014-05-06,-0.009029031461991046
2014-05-07,0.005600754871033284
2014-05-08,-0.0013745692327864058
2014-05-09,0.0015183231948788392
2014-05-12,0.009626256172315509
2014-05-13,0.0004216687882830338
2014-05-14,-0.004712089565017091
2014-05-15,-0.009405904183934792
2014-05-16,0.0037399628190006033
2014-05-19,0.003837414189704193
2014-05-20,-0.006519604608543308
2014-05-21,0.008083340547746922
2014-05-22,0.0023594441947138818
2014-05-23,0.004239392917884754
2014-05-27,0.0059699502115288725
2014-05-28,-0.0011146927500584232
2014-05-29,0.005352758657361124
2014-05-30,0.0018419804431013698
2014-06-02,0.0007275613640587
2014-06-03,-0.0003792884695348666
2014-06-04,0.0018898766063629325
2014-06-05,0.006504082119662981
2014-06-06,0.00461708354801898
2014-06-09,0.0009383308564868176
2014-06-10,-0.0002460138818795375
2014-06-11,-0.0035433111516659397
2014-06-12,-0.00711413908891029
2014-06-13,0.0031296591990707602
2014-06-16,0.0008363553307868065
2014-06-17,0.0021702124448891515
2014-06-18,0.007689243160729406
2014-06-19,0.001276663295165036
2014-06-20,0.0017285634956760601
2014-06-23,-0.0001324728528989271
2014-06-24,-0.006456106498617479
2014-06-25,0.004885557422717193
2014-06-26,-0.0011795794276391145
2014-06-27,0.0019090452380837368
2014-06-30,-0.00037232599700135415
2014-07-01,0.006655572896822518
2014-07-02,0.0006585960751231936
2014-07-03,0.005464550227672394
2014-07-07,-0.003931239054323629
2014-07-08,-0.007073762181680688
2014-07-09,0.004633516553259208
2014-07-10,-0.004139628324473722
2014-07-11,0.0014698419980472353
2014-07-14,0.004831860726996926
2014-07-15,-0.0019339645679456246
2014-07-16,0.004192285009448555
2014-07-17,-0.011904605927478003
2014-07-18,0.010212608899671183
2014-07-21,-0.002322946423904652
2014-07-22,0.005003611167300126
2014-07-23,0.001752900777012884
2014-07-24,0.00048803681255066896
2014-07-25,-0.004860946046109087
2014-07-28,0.0002881133935528325
2014-07-29,-0.004538068413714011
2014-07-30,6.091091941020138e-05
2014-07-31,-0.02020193215523012
2014-08-01,-0.002863216231298331
2014-08-04,0.007163314449646609
2014-08-05,-0.009732679197336652
2014-08-06,1.5638426360123552e-05
2014-08-07,-0.005572115446733026
2014-08-08,0.011465422557972033
2014-08-11,0.0027556250258418476
2014-08-12,-0.0016379823741559415
2014-08-13,0.006684767102510805
2014-08-14,0.004336398273697699
2014-08-15,-6.137480757126603e-05
2014-08-18,0.0084954832196601
2014-08-19,0.004988190179197795
2014-08-20,0.0024747482825436223
2014-08-21,0.002945547280270624
2014-08-22,-0.0019945749188226202
2014-08-25,0.004776353863603847
2014-08-26,0.0010505288952435787
2014-08-27,4.998604328455613e-05
2014-08-28,-0.0016913305449461642
2014-08-29,0.0033149143290199016
2014-09-02,-0.0005442142177026967
2014-09-03,-0.0007794447528015455
2014-09-04,-0.001535599204712169
2014-09-05,0.005023247704958486
2014-09-08,-0.003077845854315851
2014-09-09,-0.006566521532685439
2014-09-10,0.0036394436003678032
2014-09-11,0.0008815167647232053
2014-09-12,-0.0059804054920065425
2014-09-15,-0.0007104037481093734
2014-09-16,0.007456507324556423
2014-09-17,0.0012948050790884346
2014-09-18,0.004879257127339826
2014-09-19,-0.00047738351040339826
2014-09-22,-0.0080456025302185
2014-09-23,-0.0057932500796262516
2014-09-24,0.0078019767586544365
2014-09-25,-0.016300913265170507
2014-09-26,0.00853926112400154
2014-09-29,-0.0025500508569158233
2014-09-30,-0.0027898165443120183
2014-10-01,-0.013337106112637435
2014-10-02,5.143328250229687e-06
2014-10-03,0.011103635523902509
2014-10-06,-0.0015663860013981836
2014-10-07,-0.015241618619128634
2014-10-08,0.01731094749805919
2014-10-09,-0.02087784845431496
2014-10-10,-0.011517080026210946
2014-10-13,-0.016605033202522507
2014-10-14,0.001577619680866768
2014-10-15,-0.008133300726077349
2014-10-16,0.0001449672004417697
2014-10-17,0.012801813377146141
2014-10-20,0.009101116121281314
2014-10-21,0.01938537082775091
2014-10-22,-0.007326100661612184
2014-10-23,0.012228305721599457
2014-10-24,0.007028690175716194
2014-10-27,-0.001502696878837878
2014-10-28,0.011868364566910393
2014-10-29,-0.0013863159906425204
2014-10-30,0.006210797247873184
2014-10-31,0.011663114233148569
2014-11-03,-0.00011892891639947338
2014-11-04,-0.0028338532526650333
2014-11-05,0.005684311060804489
2014-11-06,0.003768403644328259
2014-11-07,0.00034952512678080786
2014-11-10,0.003115327019558855
2014-11-11,0.0006964516302874351
2014-11-12,-0.0007013625789179808
2014-11-13,0.0005297044284002311
2014-11-14,0.0002402413485468054
2014-11-17,0.0007350887776586797
2014-11-18,0.005120849353688389
2014-11-19,-0.0015022868756188182
2014-11-20,0.001965164013202754
2014-11-21,0.0052232126037382535
2014-11-24,0.00285992981373923
2014-11-25,-0.0011506914684172845
2014-11-26,0.0028020524716035632
2014-11-28,-0.0025456646370122207
2014-12-01,-0.006852789344834434
2014-12-02,0.006364166758848178
2014-12-03,0.0037576738340269794
2014-12-04,-0.0011625717317858438
2014-12-05,0.0016638315989210529
2014-12-08,-0.007283022149715385
2014-12-09,-0.00023785182583414743
2014-12-10,-0.016486121183048656
2014-12-11,0.004525433971620777
2014-12-12,-0.01634646579165845
2014-12-15,-0.006362786271721939
2014-12-16,-0.008525259865380821
2014-12-17,0.02014807324329562
2014-12-18,0.02373137488570905
2014-12-19,0.004559637967419008
2014-12-22,0.003803222479927145
2014-12-23,0.0017448386297044874
2014-12-24,-0.0001393062410745646
2014-12-26,0.0033041099821209488
2014-12-29,0.000861403428089447
2014-12-30,-0.004900593034504285
2014-12-31,-0.01036438356125046
2015-01-02,-0.0003400214731352804
2015-01-05,-0.01844721353258727
2015-01-06,-0.00893325469070017
2015-01-07,0.011562735844876304
2015-01-08,0.017730168127155693
2015-01-09,-0.008439322147078786
2015-01-12,-0.008126616843470486
2015-01-13,-0.0025818854358163217
2015-01-14,-0.00583002896797565
2015-01-15,-0.009290903004567546
2015-01-16,0.013334893186267299
2015-01-20,0.001548752433400387
2015-01-21,0.004720465022189361
2015-01-22,0.015154313070630327
2015-01-23,-0.005506656279301935
2015-01-26,0.0025651679986232745
2015-01-27,-0.013478287815857576
2015-01-28,-0.01358750281102202
2015-01-29,0.00948951705826357
2015-01-30,-0.013077099006318498
2015-02-02,0.012879170000215516
2015-02-03,0.014336238577453099
2015-02-04,-0.0041647065724529616
2015-02-05,0.010238810710909235
2015-02-06,-0.00342402761187852
2015-02-09,-0.004256239310481708
2015-02-10,0.010618979554062366
2015-02-11,-2.9034010158247172e-05
2015-02-12,0.009598295065916026
2015-02-13,0.004066459227779422
2015-02-17,0.0015962996977983961
2015-02-18,-0.00031435862322874816
2015-02-19,-0.0010626217157189283
2015-02-20,0.006107842721055837
2015-02-23,-0.000303385211985694
2015-02-24,0.002754972468831103
2015-02-25,-0.0007660169636026022
2015-02-26,-0.00147711863025381
2015-02-27,-0.0029606830486323707
2015-03-02,0.0061062381811330165
2015-03-03,-0.004548872603817568
2015-03-04,-0.004398161230154572
2015-03-05,0.001195365251036089
2015-03-06,-0.014275356362467066
2015-03-09,0.003936662357975969
2015-03-10,-0.017106820937141425
2015-03-11,-0.001919520676484767
2015-03-12,0.012522702206037068
2015-03-13,-0.006093237090196838
2015-03-16,0.013442909023855906
2015-03-17,-0.0033256977077820026
2015-03-18,0.012085101501628708
2015-03-19,-0.004884489126950175
2015-03-20,0.008972382193259682
2015-03-23,-0.0017472566067133015
2015-03-24,-0.006158345701590925
2015-03-25,-0.014665926527239062
2015-03-26,-0.0023803307374738966
2015-03-27,0.0023657607295033602
2015-03-30,0.012162382647149434
2015-03-31,-0.008834686217530795
2015-04-01,-0.0039732542018475255
2015-04-02,0.0035234523037141535
2015-04-06,0.006587072647165644
2015-04-07,-0.002064032708587167
2015-04-08,0.0026789415573472003
2015-04-09,0.004447575873625805
2015-04-10,0.005189376899456221
2015-04-13,-0.004591806820961145
2015-04-14,0.00162843225851382
2015-04-15,0.005134989044995592
2015-04-16,-0.0007787467579851993
2015-04-17,-0.01137570418905323
2015-04-20,0.009192748586536723
2015-04-21,-0.001481702504767951
2015-04-22,0.005074582853386292
2015-04-23,0.0023549408425523675
2015-04-24,0.0022502668247534868
2015-04-27,-0.004149913240734652
2015-04-28,0.0027654044373465075
2015-04-29,-0.003747348127573222
2015-04-30,-0.010180553033248205
2015-05-01,0.010863776563455257
2015-05-04,0.0029364331477630206
2015-05-05,-0.0119080033585301
2015-05-06,-0.004465681140931977
2015-05-07,0.003766710469475405
2015-05-08,0.013368147987361164
2015-05-11,-0.005102556456082039
2015-05-12,-0.002953996439367266
2015-05-13,-0.0003050012906516677
2015-05-14,0.010721604261760033
2015-05-15,0.0007681188278664758
2015-05-18,0.003043312472570502
2015-05-19,-0.0006435815978420154
2015-05-20,-0.0009309494507940488
2015-05-21,0.0023351459087448084
2015-05-22,-0.0022363851494835974
2015-05-26,-0.010335204907502334
2015-05-27,0.009120918929110081
2015-05-28,-0.0012675639174870542
2015-05-29,-0.006338515184097658
2015-06-01,0.002057343499147661
2015-06-02,-0.0010091051653478204
2015-06-03,0.0021166294697559994
2015-06-04,-0.008660562215101069
2015-06-05,-0.0014372152327325357
2015-06-08,-0.006495560338305542
2015-06-09,0.00041826551900276467
2015-06-10,0.011970491752514406
2015-06-11,0.0017371167565281324
2015-06-12,-0.007018874653102703
2015-06-15,-0.004633289621771348
2015-06-16,0.005673730515753803
2015-06-17,0.0019776843950728407
2015-06-18,0.009854000054008836
2015-06-19,-0.00531761523794962
2015-06-22,0.006076367981542122
2015-06-23,0.0006356664251933869
2015-06-24,-0.007380465718305258
2015-06-25,-0.0029780041565964136
2015-06-26,-0.00039015574492238484
2015-06-29,-0.02108696950861153
2015-06-30,0.0026549623524674106
2015-07-01,0.006912096434637041
2015-07-02,-0.00030807018954653404
2015-07-06,-0.003869232698897424
2015-07-07,0.006062560593868743
2015-07-08,-0.016792964912141516
2015-07-09,0.0022596476448199895
2015-07-10,0.012262986385007718
2015-07-13,0.011005268507355188
2015-07-14,0.00444327323650017
2015-07-15,-0.0007352563007372865
2015-07-16,0.007982733444475738
2015-07-17,0.00110557162445071
2015-07-20,0.0007709366240016023
2015-07-21,-0.004270796242723094
2015-07-22,-0.00239056502019028
2015-07-23,-0.0056922102113794535
2015-07-24,-0.010761020696661188
2015-07-27,-0.005791755065064178
2015-07-28,0.012310073801889353
2015-07-29,0.007292142927383681
2015-07-30,2.836690402236809e-05
2015-07-31,-0.002274103801051709
2015-08-03,-0.0027606939449045503
2015-08-04,-0.0022522391669328678
2015-08-05,0.003109838185490679
2015-08-06,-0.007783195922562142
2015-08-07,-0.0028790228563377145
2015-08-10,0.012726835632025084
2015-08-11,-0.00960306468018227
2015-08-12,0.0009496036382146948
2015-08-13,-0.0012760258683812036
2015-08-14,0.0039043322743591373
2015-08-17,0.005197891709402951
2015-08-18,-0.0026289829356331003
2015-08-19,-0.008289136409597112
2015-08-20,-0.021325960454146156
2015-08-21,-0.03236924252187817
2015-08-24,-0.04021144434651928
2015-08-25,-0.013614249742655897
2015-08-26,0.03829129943453164
2015-08-27,0.02400725448969004
2015-08-28,0.0006085511568762156
2015-08-31,-0.008427078663984055
2015-09-01,-0.030022649842427997
2015-09-02,0.01812767142321464
2015-09-03,0.0011641156994188924
2015-09-04,-0.015448308754276238
2015-09-08,0.024773637197038505
2015-09-09,-0.013995035769084717
2015-09-10,0.005264075444935658
2015-09-11,0.004477006444986281
2015-09-14,-0.00409804122304381
2015-09-15,0.01274968763143236
2015-09-16,0.0086677407153759
2015-09-17,-0.002564344442560099
2015-09-18,-0.01629623095438354
2015-09-21,0.004555392033672697
2015-09-22,-0.012394930019378313
2015-09-23,-0.002050744229593947
2015-09-24,-0.00336865187130644
2015-09-25,-0.00046590180122054944
2015-09-28,-0.026001211162809106
2015-09-29,0.001232093912981713
2015-09-30,0.01889589860356512
2015-10-01,0.001971938678337173
2015-10-02,0.014213793016405511
2015-10-05,0.018124593518502156
2015-10-06,-0.0035946893441432997
2015-10-07,0.008003519857552759
2015-10-08,0.008779780144558488
2015-10-09,0.0007248485605153577
2015-10-12,0.0012746644773328382
2015-10-13,-0.006848823690127077
2015-10-14,-0.0047274309119391435
2015-10-15,0.014743551351355088
2015-10-16,0.004560061373697022
2015-10-19,0.0002705089438730595
2015-10-20,-0.0014221010558937615
2015-10-21,-0.005842448911134253
2015-10-22,0.016490847012594123
2015-10-23,0.010969953969042788
2015-10-26,-0.0019149330011001104
2015-10-27,-0.00255738586508774
2015-10-28,0.011770488488143476
2015-10-29,-0.00044987538066072313
2015-10-30,-0.004821481688425431
2015-11-02,0.011803876338814608
2015-11-03,0.0027243529250675206
2015-11-04,-0.003551666939647187
2015-11-05,-0.0011327897564983025
2015-11-06,-0.00034768178002366065
2015-11-09,-0.009871290656502512
2015-11-10,0.0015094551534496445
2015-11-11,-0.003233307321568946
2015-11-12,-0.014089163336632673
2015-11-13,-0.011270640432155438
2015-11-16,0.014793302794234362
2015-11-17,-0.0013402770182465746
2015-11-18,0.016033229877172244
2015-11-19,-0.0011237403289792015
2015-11-20,0.0038029552801494165
2015-11-23,-0.0012356238416840882
2015-11-24,0.0012212499449607925
2015-11-25,-0.00012914061496715576
2015-11-27,0.0005934415594808398
2015-11-30,-0.004651800139618441
2015-12-01,0.01062393894673922
2015-12-02,-0.011056592639448921
2015-12-03,-0.014477826444150087
2015-12-04,0.02031785636385123
2015-12-07,-0.007014043960397749
2015-12-08,-0.006511052625594547
2015-12-09,-0.007769086365692726
2015-12-10,0.0022488565785946774
2015-12-11,-0.01961386775581532
2015-12-14,0.0047442880640680245
2015-12-15,0.010562580105914385
2015-12-16,0.014410635650771483
2015-12-17,-0.015154776635876313
2015-12-18,-0.017957495007106937
2015-12-21,0.0077483067271562
2015-12-22,0.008778095591568889
2015-12-23,0.012341596527553888
2015-12-24,-0.0015999154038633197
2015-12-28,-0.002180936456306017
2015-12-29,0.010573664173022947
2015-12-30,-0.007243398783778549
